src1_port2_qdepth_max,src1_port2_mbps_mean,src1_port2_mbps_std,src1_port3_qdepth_max,src1_port3_mbps_mean,src1_port3_mbps_std,src1_port4_qdepth_max,src1_port4_mbps_mean,src1_port4_mbps_std,src1_port5_qdepth_max,src1_port5_mbps_mean,src1_port5_mbps_std,Total_Load_Mbps,Weight_Port2,Capacity_Port2,Weight_Port3,Capacity_Port3,Weight_Port4,Capacity_Port4,Weight_Port5,Capacity_Port5,Label_Latency_ms,Label_Jitter_ms,Label_Loss_Rate
5,0.492,0.0747,5,0.5096,0.0815,1,0.1071,0.0291,1,0.0942,0.0294,1.2,4,0.8,4,0.8,1,1.2,1,1.2,52.371,22.166046048118265,0.0
2,0.3013,0.049,2,0.3013,0.0511,2,0.3069,0.0596,2,0.2967,0.05,1.2,3,0.8,3,0.8,4,1.2,4,1.2,51.407,15.204637304721514,0.0
64,0.7504,0.1215,64,0.7538,0.1173,1,0.1898,0.0543,1,0.2092,0.0587,2.4,10,0.8,10,0.8,1,1.2,1,1.2,802.855,16.396241961255928,14.338919925512103
3,0.4966,0.0806,3,0.5043,0.0813,4,0.7052,0.108,3,0.6983,0.1069,2.4,6,0.8,6,0.8,8,1.2,8,1.2,57.284,15.934621190645693,0.0
4,0.2488,0.0457,3,0.2547,0.0461,5,0.3531,0.0631,5,0.3538,0.0587,1.2,3,0.8,3,0.8,4,1.2,4,1.2,43.149,15.100744477525742,0.0
